EU0001,A319
EU0002,A320
EU0003,B767
EU0004,A319
EU0005,B757
EU0006,B747
EU0007,B747
EU0008,B767
EU0009,A319
EU0010,A319
EU0011,A319
EU0012,A320
EU0013,A319
EU0014,A319
EU0015,B737
EU0016,B737
EU0017,A319
EU0018,A319
EU0019,A319
EU0020,B737
EU0021,B757
EU0022,B757
EU0023,B747
EU0024,B757
EU0025,A319
EU0026,A321
EU0027,B737
EU0028,B737
EU0029,B737
EU0030,A321
EU0031,A321
EU0032,B747
EU0033,B737
EU0034,B747
EU0035,B737
EU0036,A321
EU0037,A321
EU0038,A320
EU0039,A321
EU0040,A320
EU0041,A319
EU0042,B747
EU0043,A319
EU0044,B737
EU0045,B767
EU0046,B747
EU0047,A319
EU0048,A330
EU0049,A320
EU0050,A320
EU0051,B757
EU0052,A320
EU0053,B737
EU0054,B757
EU0055,A320
EU0056,A330
EU0057,A330
EU0058,B737
EU0059,A320
EU0060,B747
EU0061,A320
EU0062,B737
EU0063,B757
EU0064,A330
EU0065,A321
EU0066,B737
EU0067,B737
EU0068,B737
EU0069,B737
EU0070,A321
EU0071,A321
EU0072,B757
EU0073,A340
EU0074,B737
EU0075,A321
EU0076,B737
EU0077,B757
EU0078,B747
EU0079,B737
EU0080,B747
EU0081,B757
EU0082,A320
EU0083,B737
EU0084,B737
EU0085,B737
EU0086,A340
EU0087,B737
EU0088,B757
EU0089,B737
EU0090,B737
EU0091,A320
EU0092,B737
EU0093,B737
EU0094,B737
EU0095,B737
EU0096,B737
EU0097,B737
EU0098,B737
EU0099,B747
EU0100,B737
EU0101,B757
EU0102,B737
EU0103,B737
EU0104,A320
EU0105,B737
EU0106,A320
EU0107,B737
EU0108,B737
EU0109,B757
EU0110,A340
EU0111,B737
EU0112,B737
EU0113,B737
EU0114,B737
EU0115,B737
EU0117,B737
EU0118,B737
EU0119,B737
EU0120,A340
EU0121,B757
EU0122,A320
EU0123 ,B767
EU0124,A320
EU0125,B747
EU0126,A321
EU0127,A319
EU0128,A319
EU0129,A319
EU0130,A319
EU0131,A320
EU0132,A320
EU0133,A320
EU0134,B757
EU0135,A319
EU0136,A320
EU0137,A320
EU0138,A320
EU0139,A320
EU0140,B747
EU0141,A319
EU0142,A319
EU0143,B757
EU0144,A319
EU0145,A320
EU0146,A320
EU0147,A320
EU0148,A320
EU0149,A320
EU0150,A320
EU0151,A320
EU0152,A320
EU0153,A320
EU0154,A320
EU0155,A319
EU0156,A319
EU0157,A320
EU0158,A321
EU0159,A320
EU0160,A319
EU0161,B737
EU0162,A320
EU0163,A320
EU0164,B737
EU0165,A320
EU0166,A320
EU0167,A321
EU0168,A320
EU0169,A320
EU0170,A319
EU0171,A320
EU0172,A320
EU0173,B737
EU0174,B737
EU0175,B767
EU0176,B747
EU0177,A340
EU0178,A319
EU0180,A319
EU0181,A340
EU0182,A319
EU0183,B737
EU0184,A320
EU0185,A321
EU0186,B737
EU0187,A320
EU0188,A320
EU0189,A320
EU0190,A319
EU0191,A320
EU0192,A320
EU0193,A320
EU0194,A320
EU0195,A319
EU0196,A320
EU0197,B747
EU0198,A320
EU0199,A319
EU0200,B747
EU0201,B767
EU0202,A340
EU0203,A340
EU0204,B767
EU0205,A320
EU0206,B747
EU0207,B737
EU0208,A320
EU0209,B747
EU0210,A320
EU0216,A321
EU0217,B737
EU0218,B737
EU0219,B737
EU0220,B737
EU0221,B767
EU0222,B737
EU0223,B737
EU0224,A321
EU0225,B737
EU0226,B737
EU0227,B737
EU0228,A320
EU0229,A320
EU0230,A340
EU0231,A321
EU0232,A321
EU0233,B747
EU0234,A320
EU0235,A320
EU0236,A320
EU0237,A320
EU0238,A320
EU0239,A320
EU0240,B717
EU0241,B717
EU0242,B717
EU0243,B717
EU0244,B717
EU0245,B767
EU0246,A320
EU0247,A320
EU0248,A320
EU0249,B767
EU0250,A321
EU0251,A320
EU0252,A340
EU0253,A320
EU0254,B767
EU0255,B717
EU0256,B717
EU0257,B717
EU0258,B717
EU0260,A320
EU0262,A320
EU0263,B767
EU0264,B737
EU0267,A340
EU0269,A320
EU0270,A319
EU0271,A320
EU0273,A320
EU0274,B767
EU0275,A319
EU0276,A340
EU0277,A320
EU0278,A320
EU0279,A320
EU0280,A319
EU0281,B747
EU0282,A320
EU0283,A340
EU0284,A319
EU0285,B767
EU0286,A320
EU0287,A320
EU0288,A320
EU0289,A321
EU0290,B747
EU0291,B767
EU0292,A321
EU0293,A321
EU0294,A340
EU0295,A319
EU0296,A321
EU0297,A321
EU0299,A320
EU0300,B767
EU0301,A319
EU0302,A320
EU0303,A320
EU0304,A320
EU0305,A319
EU0306,A320
EU0307,A320
EU0308,A319
EU0309,A340
EU0310,A340
EU0311,A321
EU0312,B767
EU0313,A321
EU0315,A340
EU0316,A319
EU0318,B737
EU0319,A319
EU0321,B747
EU0322,A320
EU0323,A320
EU0324,B767
EU0325,A319
EU0326,A320
EU0327,A320
EU0328,A330
EU0329,A320
EU0331,A330
EU0332,B767
EU0333,A320
EU0335,B747
EU0340,A330
EU0341,B767
EU0347,B767
EU0350,B747
EU0354,B767
EU0355,A319
EU0357,B767
EU0358,A319
EU0359,A321
EU0360,A319
EU0362,A319
EU0363,B767
EU0365,A319
EU0367,A320
EU0370,A319
EU0372,B767
EU0373,A320
EU0374,A319
EU0385,B767
EU0386,A319
EU0393,B767
EU0394,A320
EU0395,CRJ
EU0396,A320
EU0397,A320
EU0398,A320
EU0399,A350
EU0400,A319
EU0401,A319
EU0403,CRJ
EU0404,A319
EU0405,B767
EU0406,A319
EU0407,A319
EU0408,A319
EU0409,A319
EU0410,A319
EU0412,B737
EU0413,A320
EU0414,A319
EU0415,A319
EU0416,A319
EU0417,CRJ
EU0418,B747
EU0419,A380
EU0420,A319
EU0422,A319
EU0423,A319
EU0424,A319
EU0425,A319
EU0426,A319
EU0427,A319
EU0428,CRJ
EU0429,A319
EU0430,A319
EU0431,A319
EU0432,A320
EU0433,A319
EU0434,A319
EU0436,CRJ
EU0437,CRJ
EU0438,CRJ
EU0439,CRJ
EU0440,CRJ
EU0441,A319
EU0442,A320
EU0443,A319
EU0444,A319
EU0445,B747
EU0446,A319
EU0447,A319
EU0448,A319
EU0449,A319
EU0450,A321
EU0451,B747
EU0452,B747
EU0453,A340
EU0454,A319
EU0456,A300
EU0457,B747
EU0458,A300
EU0459,A319
EU0460,A319
EU0461,A319
EU0462,A319
EU0463,A319
EU0464,A320
EU0465,A319
EU0467,A319
EU0468,A319
EU0469,A320
EU0473,CRJ
EU0474,CRJ
EU0475,B767
EU0476,A300
EU0477,A319
EU0478,A319
EU0479,A319
EU0480,A319
EU0481,A319
EU0482,B767
EU0483,A319
EU0485,A320
EU0486,A320
EU0487,A320
EU0488,A320
EU0489,B747
EU0490,B747
EU0491,A321
EU0495,A320
EU0498,B747
EU0500,A320
EU0501,A319
EU0502,A319
EU0503,A319
EU0504,A319
EU0505,A319
EU0506,A319
EU0507,A319
EU0508,A319
EU0509,A319
EU0510,A319
EU0511,A320
EU0513,A320
EU0514,B737
EU0515,A319
EU0516,A319
EU0517,A319
EU0518,A319
EU0519,A319
EU0520,B747
EU0522,A320
EU0525,A319
EU0526,A319
EU0527,A319
EU0528,A319
EU0529,A319
EU0530,A319
EU0531,CRJ
EU0532,CRJ
EU0533,CRJ
EU0534,CRJ
EU0535,A319
EU0536,A320
EU0537,CRJ
EU0538,CRJ
EU0539,CRJ
EU0540,A319
EU0541,CRJ
EU0542,A320
EU0543,CRJ
EU0544,CRJ
EU0545,CRJ
EU0546,A319
EU0547,CRJ
EU0548,CRJ
EU0549,CRJ
EU0551,A320
EU0552,A319
EU0554,A319
EU0555,CRJ
EU0556,CRJ
EU0557,CRJ
EU0558,A320
EU0559,CRJ
EU0560,A320
EU0561,A320
EU0562,A319
EU0563,A319
EU0564,A319
EU0566,A320
EU0568,A320
EU0574,B767
EU0575,A340
EU0576,B747
EU0578,A320
EU0580,A319
EU0581,A319
EU0582,A319
EU0583,A320
EU0592,B767
EU0601,A320
EU0602,A320
EU0603,A320
EU0604,A320
EU0605,A320
EU0606,A320
EU0607,A319
EU0608,A319
EU0609,A319
EU0610,A319
EU0611,A319
EU0612,A319
EU0613,A319
EU0614,A319
EU0615,A319
EU0616,A319
EU0617,A319
EU0618,A319
EU0619,A319
EU0620,A320
EU0621,A319
EU0622,A319
EU0623,A320
EU0624,A320
EU0626,A320
EU0627,A319
EU0628,A319
EU0630,A319
EU0631,B747
EU0632,B747
EU0633,A319
EU0634,A319
EU0636,A319
EU0637,A320
EU0638,A319
EU0640,A319
EU0641,A319
EU0643,A319
EU0644,A319
EU0646,B737
EU0649,A319
EU0650,B737
EU0655,A319
EU0670,A319
EU0675,A319
EU0676,A320
EU0680,A319
EU0681,A320
EU0685,A319
EU0689,B747
EU0690,A319
EU0691,A319
EU0692,A319
EU0693,A319
EU0694,A319
EU0695,A319
EU0696,A319
EU0697,A319
EU0698,A319
EU0699,A319
EU0700,B747
EU0701,A320
EU0702,A320
EU0704,A319
EU0705,A319
EU0706,A320
EU0707,A320
EU0708,A320
EU0709,A320
EU0710,B737
EU0711,A300
EU0712,A320
EU0713,A320
EU0714,A320
EU0715,A319
EU0716,A319
EU0717,A319
EU0718,A319
EU0719,A319
EU0720,B737
EU0721,A320
EU0722,A319
EU0723,A300
EU0724,A320
EU0725,A319
EU0726,A319
EU0727,A319
EU0728,A319
EU0730,A319
EU0731,A320
EU0732,A320
EU0734,B747
EU0735,A319
EU0736,A320
EU0737,A320
EU0738,A320
EU0739,A320
EU0740,A319
EU0741,A320
EU0745,B737
EU0746,A320
EU0747,A320
EU0748,A320
EU0749,A320
EU0750,A320
EU0752,A320
EU0754,A320
EU0756,A320
EU0758,A320
EU0760,A320
EU0761,A320
EU0762,A320
EU0763,A320
EU0764,A320
EU0765,A320
EU0766,A320
EU0767,A320
EU0768,A320
EU0769,A320
EU0770,A320
EU0771,A320
EU0772,A320
EU0773,A320
EU0774,A320
EU0775,A320
EU0776,A320
EU0777,A320
EU0778,A320
EU0779,A320
EU0780,A320
EU0781,A320
EU0782,A320
EU0783,A320
EU0784,A320
EU0785,A320
EU0786,A320
EU0787,A320
EU0788,A320
EU0789,A320
EU0790,A320
EU0795,A320
EU0796,A320
EU0797,A320
EU0798,A320
EU0800,CRJ
EU0802,A321
EU0803,CRJ
EU0804,CRJ
EU0805,CRJ
EU0806,CRJ
EU0807,B737
EU0808,CRJ
EU0809,A330
EU0810,A320
EU0811,A330
EU0812,A340
EU0813,A321
EU0814,A340
EU0815,A321
EU0816,A319
EU0817,A320
EU0818,A320
EU0819,A321
EU0820,A321
EU0821,A321
EU0822,A321
EU0823,A320
EU0824,A321
EU0826,A320
EU0827,A320
EU0828,A320
EU0829,A321
EU0830,B747
EU0831,A321
EU0832,B747
EU0833,A380
EU0834,A380
EU0835,B747
EU0836,B747
EU0837,A319
EU0838,A320
EU0839,A321
EU0840,A321
EU0841,A321
EU0842,A320
EU0843,A320
EU0844,A320
EU0845,A320
EU0846,A380
EU0847,A380
EU0848,A380
EU0849,A380
EU0850,A321
EU0851,A319
EU0852,A380
EU0853,A380
EU0854,A380
EU0855,A380
EU0856,A321
EU0857,A321
EU0858,A330
EU0859,A330
EU0860,A330
EU0861,A319
EU0862,A319
EU0863,A320
EU0864,A321
EU0865,B747
EU0866,A320
EU0867,A320
EU0868,A320
EU0869,B747
EU0870,B747
EU0871,B747
EU0872,A321
EU0873,A320
EU0874,A340
EU0875,A321
EU0876,A321
EU0877,A321
EU0878,A321
EU0879,A321
EU0880,A321
EU0881,A340
EU0882,A321
EU0883,A321
EU0884,A321
EU0885,A321
EU0886,A321
EU0887,A321
EU0888,A321
EU0889,A321
EU0890,A321
EU0891,A321
EU0892,A320
EU0893,A320
EU0894,A321
EU0895,A319
EU0896,A319
EU0897,A321
EU0898,A321
EU0899,A321
EU0900,A319
EU0901,A319
EU0902,B747
EU0903,A319
EU0904,A319
EU0905,A340
EU0906,A340
EU0907,A319
EU0908,A321
EU0909,A340
EU0910,A320
EU0911,B777
EU0912,B777
EU0913,B777
EU0914,B777
EU0915,B777
EU0916,B777
EU0917,B777
EU0918,B777
EU0919,B777
EU0920,B777
EU0921,A320
EU0922,B777
EU0923,B777
EU0924,B777
EU0925,B777
EU0932,A320
EU0933,A319
EU0934,B767
EU0935,A319
EU0936,A318
EU0937,A320
EU0938,A319
EU0939,B747
EU0940,A319
EU0941,A318
EU0942,B747
EU0943,A320
EU0944,A318
EU0945,A318
EU0946,A318
EU0947,B767
EU0948,A318
EU0949,A318
EU0950,A319
EU0951,A320
EU0952,A321
EU0953,A319
EU0954,A319
EU0955,A319
EU0956,A319
EU0957,A319
EU0958,A319
EU0959,A319
EU0960,A319
EU0961,B767
EU0962,A319
EU0963,A321
EU0964,A321
EU0965,A321
EU0966,A321
EU0967,A321
EU0968,A321
EU0969,A321
EU0970,B747
EU0971,A321
EU0972,A321
EU0973,A321
EU0974,A321
EU0975,A321
EU0976,A321
EU0977,A321
EU0978,A321
EU0979,A321
EU0980,A321
EU0981,A321
EU0982,A321
EU0983,A320
EU0985,B767
EU0986,B777
EU0987,B777
EU0988,B777
EU0989,B777
EU0990,B777
EU0991,B777
EU0992,B777
EU0993,B777
EU0994,B777
EU0995,B777
EU0996,B777
EU0997,B777
EU0998,B777
EU0999,A320
EU1001,A320
EU1002,B767
EU1003,B777
EU1004,B777
EU1005,B777
EU1006,B777
EU1007,B777
EU1008,B777
EU1009,B777
EU1010,B777
EU1011,B777
EU1012,B747
EU1013,B777
EU1014,B777
EU1015,B777
EU1016,B777
EU1017,B777
EU1018,B777
EU1019,B777
EU1020,B777
EU1021,B777
EU1022,B777
EU1023,B777
EU1024,B777
EU1025,B777
EU1026,B777
EU1027,B777
EU1028,B777
EU1029,B777
EU1030,B777
EU1031,B777
EU1032,B777
EU1033,B777
EU1034,B777
EU1035,B747
EU1036,B777
EU1037,B777
EU1038,B777
EU1039,B777
EU1040,B777
EU1041,B777
EU1042,B777
EU1043,B777
EU1044,B777
EU1045,B777
EU1046,B777
EU1047,B777
EU1054,B747
EU1056,A320
EU1086,A320
EU1087,A320
EU1088,A320
EU1089,A320
EU1090,A320
EU1091,A320
EU1100,A320
EU1101,A320
EU1102,A320
EU1108,B737
EU1110,B737
EU1112,B737
EU1114,B737
EU1115,B747
EU1116,B737
EU1120,B737
EU1125,B737
EU1130,B737
EU1135,B737
EU1140,B737
EU1145,B737
EU1150,A320
EU1151,A319
EU1152,A319
EU1153,A319
EU1154,A319
EU1155,A319
EU1156,A319
EU1157,A319
EU1158,A319
EU1159,A319
EU1160,A319
EU1161,A319
EU1162,A319
EU1163,A319
EU1164,A319
EU1165,A319
EU1166,A319
EU1167,A319
EU1168,A319
EU1169,A319
EU1170,A319
EU1171,A319
EU1172,A319
EU1173,A319
EU1174,A319
EU1175,A319
EU1176,A319
EU1177,A319
EU1178,A319
EU1179,A319
EU1180,A319
EU1181,A319
EU1182,A319
EU1183,A319
EU1184,A319
EU1185,A319
EU1186,A319
EU1187,A319
EU1188,A319
EU1189,A319
EU1190,A319
EU1191,A319
EU1192,A319
EU1193,A319
EU1194,A319
EU1195,A320
EU1196,A320
EU1197,A320
EU1199,A320
EU1200,A320
EU1201,A320
EU1202,A320
EU1203,A320
EU1204,A320
EU1205,A320
EU1206,A320
EU1207,A320
EU1208,A320
EU1209,A320
EU1210,A320
EU1211,A320
EU1212,A320
EU1213,A320
EU1214,A320
EU1215,A320
EU1216,A320
EU1217,A320
EU1218,A320
EU1219,A320
EU1220,A320
EU1221,A320
EU1222,B767
EU1223,A320
EU1224,A320
EU1225,A320
EU1226,A320
EU1227,A320
EU1228,A320
EU1229,A320
EU1230,B747
EU1231,A320
EU1232,B747
EU1233,A320
EU1234,A320
EU1241,A320
EU1242,A320
EU1243,A320
EU1244,A320
EU1245,A320
EU1246,A320
EU1247,B747
EU1248,A320
EU1249,A320
EU1250,A320
EU1251,A320
EU1252,A320
EU1253,A320
EU1254,A320
EU1255,A320
EU1256,A320
EU1257,A320
EU1258,A320
EU1259,B747
EU1261,A320
EU1262,A320
EU1263,A320
EU1264,A320
EU1265,A320
EU1266,A320
EU1267,A320
EU1268,A320
EU1269,A320
EU1270,A320
EU1271,A320
EU1272,A320
EU1273,A320
EU1274,A320
EU1275,B747
EU1276,A320
EU1277,A321
EU1278,A321
EU1279,A321
EU1280,A321
EU1281,A321
EU1282,B747
EU1283,A321
EU1284,A321
EU1285,A321
EU1286,A321
EU1287,A321
EU1288,A321
EU1289,A321
EU1290,A321
EU1291,A321
EU1292,A321
EU1293,A321
EU1295,A321
EU1296,A321
EU1301,B747
EU1312,B747
EU1320,B747
EU1321,A330
EU1322,A330
EU1323,A330
EU1324,A330
EU1325,A330
EU1326,A330
EU1334,B747
EU1337,A300
EU1345,B747
EU1346,B747
EU1367,B747
EU1389,B747
EU1411,B747
EU1418,A320
EU1436,B747
EU1437,B747
EU1446,A320
EU1456,A320
EU1495,B767
EU1498,A320
EU1521,A321
EU1532,A320
EU1538,B747
EU1541,B747
EU1547,A320
EU1567,A320
EU1593,B767
EU1599,B747
EU1600,B737
EU1635,B747
EU1651,A320
EU1652,A320
EU1653,A320
EU1654,A320
EU1655,A320
EU1656,A320
EU1664,A320
EU1665,A320
EU1666,B747
EU1673,B737
EU1688,B737
EU1692,B737
EU1698,A320
EU1700,B747
EU1702,A320
EU1703,A320
EU1704,A320
EU1705,A320
EU1706,A320
EU1707,A320
EU1708,A320
EU1709,A320
EU1710,A320
EU1711,A320
EU1713,A320
EU1714,A320
EU1715,A320
EU1716,A320
EU1720,A320
EU1721,A320
EU1722,A320
EU1724,A320
EU1725,A320
EU1726,A320
EU1727,A320
EU1728,A320
EU1729,A320
EU1730,A320
EU1731,B747
EU1732,A330
EU1733,A330
EU1734,CRJ
EU1735,A340
EU1736,CRJ
EU1737,CRJ
EU1738,CRJ
EU1739,CRJ
EU1740,CRJ
EU1741,CRJ
EU1742,CRJ
EU1743,CRJ
EU1745,CRJ
EU1746,CRJ
EU1747,CRJ
EU1748,A321
EU1749,A321
EU1750,A321
EU1751,B737
EU1752,A320
EU1753,A320
EU1754,A320
EU1755,A320
EU1761,A320
EU1762,A320
EU1763,A320
EU1764,A320
EU1765,A320
EU1789,B747
EU1790,B737
EU1795,B747
EU1800,B737
EU1801,A320
EU1809,B747
EU1863,A320
EU1929,B747
EU1976,B747
EU1987,A321
EU1990,CRJ
EU2017,A320
EU2020,B737
EU2043,B747
EU2055,A320
EU2120,B737
EU2123,B747
EU2130,A320
EU2165,A320
EU2189,A321
EU2200,A340
EU2201,A320
EU2230,A321
EU2235,B737
EU2247,A320
EU2276,B747
EU2301,A319
EU2321,B747
EU2326,A319
EU2327,A340
EU2356,B747
EU2360,B737
EU2378,A319
EU2389,B737
EU2390,A320
EU2397,B747
EU2399,B737
EU2400,A320
EU2401,A310
EU2405,B737
EU2407,B747
EU2429,B747
EU2430,A310
EU2450,A318
EU2454,B747
EU2473,B747
EU2484,A318
EU2491,B747
EU2495,B737
EU2512,B737
EU2530,A310
EU2532,A318
EU2535,B747
EU2547,B767
EU2559,A319
EU2578,B737
EU2590,B737
EU2591,B737
EU2592,B737
EU2593,B737
EU2594,B737
EU2595,A310
EU2596,B737
EU2597,B737
EU2598,B737
EU2599,B737
EU2600,B737
EU2601,B737
EU2605,A321
EU2606,A330
EU2607,A330
EU2610,A310
EU2618,B737
EU2622,B737
EU2627,A318
EU2630,B737
EU2634,B737
EU2673,A310
EU2689,B737
EU2690,B737
EU2717,B737
EU2743,B747
EU2751,B747
EU2752,B737
EU2773,B747
EU2792,B737
EU2794,A318
EU2795,B747
EU2800,B737
EU2801,A320
EU2802,A320
EU2803,A320
EU2804,A320
EU2805,A320
EU2806,A320
EU2807,A320
EU2808,A320
EU2809,A320
EU2810,A320
EU2811,A320
EU2812,A320
EU2813,A320
EU2814,A320
EU2815,A320
EU2816,A320
EU2817,A320
EU2829,B737
EU2845,B737
EU2846,B737
EU2863,A321
EU2883,A318
EU2890,A319
EU2896,B737
EU2897,B737
EU2905,B737
EU2912,B737
EU2936,B737
EU2978,A320
EU2983,B737
EU2984,B737
EU3000,A320
EU3018,A319
EU3042,A320
EU3048,B737
EU3056,A319
EU3072,A319
EU3075,B747
EU3080,A321
EU3094,B747
EU3096,B737
EU3102,B747
EU3113,B747
EU3114,B737
EU3115,B737
EU3125,B747
EU3147,B747
EU3169,B747
EU3181,B747
EU3194,B737
EU3201,B737
EU3250,B737
EU3257,A320
EU3260,B737
EU3265,A319
EU3268,B737
EU3270,A320
EU3293,B737
EU3311,B737
EU3317,B737
EU3321,B737
EU3348,A318
EU3358,A320
EU3362,B737
EU3375,B737
EU3400,B737
EU3415,A318
EU3421,A319
EU3432,A318
EU3443,A318
EU3455,B737
EU3469,A320
EU3472,B737
EU3484,B737
EU3514,A318
EU3522,A319
EU3527,B737
EU3533,A320
EU3544,A300
EU3588,A319
EU3598,A300
EU3599,A300
EU3610,A319
EU3621,A320
EU3633,A340
EU3647,B737
EU3654,B737
EU3660,A340
EU3670,A319
EU3684,B737
EU3689,A319
EU3701,A340
EU3703,B747
EU3710,A319
EU3714,A320
EU3725,B747
EU3733,A340
EU3747,B747
EU3755,A320
EU3768,A340
EU3769,B747
EU3781,B747
EU3803,B747
EU3815,B747
EU3824,A340
EU3826,A319
EU3837,B747
EU3845,B737
EU3855,B737
EU3859,B747
EU3874,B747
EU3908,B737
EU3953,A340
EU3961,A340
EU3972,A320
EU3992,A340
EU4001,B747
EU4002,B737
EU4003,A319
EU4004,A340
EU4010,A319
EU4021,A320
EU4036,A321
EU4037,A321
EU4038,A321
EU4039,A320
EU4040,A320
EU4041,A320
EU4042,A320
EU4043,A320
EU4044,A320
EU4045,A320
EU4046,A320
EU4047,A320
EU4048,A320
EU4049,A320
EU4050,A320
EU4051,A320
EU4052,A320
EU4053,A320
EU4054,A320
EU4055,A320
EU4056,A320
EU4057,A320
EU4058,A320
EU4059,A320
EU4060,A320
EU4061,A320
EU4062,A320
EU4063,A320
EU4064,A320
EU4065,A320
EU4066,A340
EU4067,A320
EU4068,A320
EU4069,A320
EU4070,A320
EU4071,A320
EU4072,A320
EU4073,A320
EU4075,B737
EU4083,A340
EU4084,A330
EU4085,A330
EU4086,A330
EU4087,A330
EU4088,A330
EU4089,A330
EU4090,A330
EU4091,A330
EU4092,A330
EU4093,A330
EU4094,A330
EU4095,A330
EU4110,A319
EU4112,A340
EU4125,A319
EU4137,A340
EU4169,A340
EU4172,A340
EU4205,A340
EU4215,A319
EU4235,A340
EU4247,A319
EU4255,A319
EU4264,A340
EU4278,A320
EU4300,A340
EU4316,A340
EU4321,A340
EU4333,B737
EU4387,A319
EU4392,A340
EU4409,A319
EU4426,B737
EU4444,B737
EU4450,A340
EU4451,A319
EU4460,A319
EU4463,A320
EU4470,A319
EU4473,A340
EU4475,A319
EU4480,A319
EU4490,A319
EU4491,A320
EU4495,A319
EU4500,A319
EU4505,A320
EU4506,A320
EU4507,A320
EU4508,A340
EU4510,A320
EU4512,A320
EU4515,A320
EU4519,B737
EU4520,A320
EU4523,A320
EU4526,A320
EU4527,A300
EU4529,B737
EU4531,A320
EU4532,A300
EU4536,A320
EU4538,A320
EU4539,A321
EU4540,B737
EU4565,A319
EU4573,B737
EU4579,B737
EU4582,B737
EU4587,B737
EU4591,B737
EU4593,A319
EU4607,B737
EU4611,B737
EU4623,B737
EU4630,A330
EU4631,A330
EU4632,A330
EU4633,A330
EU4634,A330
EU4635,A330
EU4636,A330
EU4637,A330
EU4638,A340
EU4639,A340
EU4640,A340
EU4641,A340
EU4642,A340
EU4643,A340
EU4644,A340
EU4650,B737
EU4656,A319
EU4674,A321
EU4685,A330
EU4687,B737
EU4699,B737
EU4710,B737
EU4721,B737
EU4723,B737
EU4773,B737
EU4786,A321
EU4792,B737
EU4822,A321
EU4824,B737
EU4833,B737
EU4838,A320
EU4853,B737
EU4864,B737
EU4865,B737
EU4938,A321
EU4950,B737
EU4954,B737
EU4976,B737
EU4985,A321
EU4991,A321
EU4992,A321
EU4993,A321
EU4994,A321
EU4995,A321
EU5001,A320
EU5002,A320
EU5003,A320
EU5004,A320
EU5005,A320
EU5006,A320
EU5007,A319
EU5008,A319
EU5009,A320
EU5010,A320
EU5020,A320
EU5032,A380
EU5050,B737
EU5073,B737
EU5086,A330
EU5098,A320
EU5118,A320
EU5129,A330
EU5141,B737
EU5151,A320
EU5167,B737
EU5182,B737
EU5185,B737
EU5218,B737
EU5227,A319
EU5261,B737
EU5262,A320
EU5263,A320
EU5264,A320
EU5318,A320
EU5319,A320
EU5320,A350
EU5321,A350
EU5322,A320
EU5323,A320
EU5324,A320
EU5325,A350
EU5326,A350
EU5327,A320
EU5328,A320
EU5329,A320
EU5331,A319
EU5334,A320
EU5349,A320
EU5351,A321
EU5360,B747
EU5365,B747
EU5372,A320
EU5387,B737
EU5397,A330
EU5413,B747
EU5420,A340
EU5429,A320
EU5435,A321
EU5441,B737
EU5452,A320
EU5463,A330
EU5478,B737
EU5486,A330
EU5511,A330
EU5529,B737
EU5531,A320
EU5544,A330
EU5554,A319
EU5565,A380
EU5587,A321
EU5588,B747
EU5590,A319
EU5591,B737
EU5601,A319
EU5610,B747
EU5612,B737
EU5613,A321
EU5635,A330
EU5640,A320
EU5643,B737
EU5673,B737
EU5687,A320
EU5693,A320
EU5700,A320
EU5719,A340
EU5729,B747
EU5735,A319
EU5742,B747
EU5745,A320
EU5768,A320
EU5777,B737
EU5787,A321
EU5802,B737
EU5815,A321
EU5820,A340
EU5821,B737
EU5825,A320
EU5830,A319
EU5891,A321
EU5900,A321
EU5905,A321
EU5910,A321
EU5915,A321
EU5920,A320
EU5925,A320
EU5930,A320
EU5935,A320
EU5936,A320
EU6000,A330
EU6012,B747
EU6021,A340
EU6053,A340
EU6065,B747
EU6094,A340
EU6111,A380
EU6113,A330
EU6127,A340
EU6148,A340
EU6188,A340
EU6200,A340
EU6201,A319
EU6205,A319
EU6210,A319
EU6215,A319
EU6220,A319
EU6225,A319
EU6230,A319
EU6235,A319
EU6240,A319
EU6245,A319
EU6250,A319
EU6255,A319
EU6258,A340
EU6260,A320
EU6264,B737
EU6265,A319
EU6270,A319
EU6273,A340
EU6281,B737
EU6287,A320
EU6315,A340
EU6349,B737
EU6363,A320
EU6386,B737
EU6395,B737
EU6444,B737
EU6524,B737
EU6527,B737
EU6544,A319
EU6550,A319
EU6556,A319
EU6564,A319
EU6600,A319
EU6601,A319
EU6602,A319
EU6603,A319
EU6604,A319
EU6605,A319
EU6606,A319
EU6607,A319
EU6608,A319
EU6609,A319
EU6610,A319
EU6611,A319
EU6612,A319
EU6613,A319
EU6614,A319
EU6615,A319
EU6616,A319
EU6617,A319
EU6618,A319
EU6619,A319
EU6620,A319
EU6621,A319
EU6622,A319
EU6623,A319
EU6624,A319
EU6625,A319
EU6626,A319
EU6627,A319
EU6628,A319
EU6629,A319
EU6630,A319
EU6631,A319
EU6632,A319
EU6633,A319
EU6634,A319
EU6635,A320
EU6636,A320
EU6637,A320
EU6638,A319
EU6639,A319
EU6640,A319
EU6641,A319
EU6642,A320
EU6643,A320
EU6644,B747
EU6645,B747
EU6646,A320
EU6647,A320
EU6648,A320
EU6649,A320
EU6723,B737
EU6735,A319
EU6743,A321
EU6845,B767
EU6870,A330
EU6890,B737
EU6893,A320
EU6900,A330
EU6923,A320
EU6962,A340
EU6971,A330
EU6994,B767
EU7001,A321
EU7002,A319
EU7003,A319
EU7004,A319
EU7005,A319
EU7006,A319
EU7007,A319
EU7008,A319
EU7009,A319
EU7010,A319
EU7011,A319
EU7012,A319
EU7013,A320
EU7014,A320
EU7015,B737
EU7016,B737
EU7017,B737
EU7018,B737
EU7019,B737
EU7020,B737
EU7021,B737
EU7022,B737
EU7023,B737
EU7024,B737
EU7025,B747
EU7026,B737
EU7027,A320
EU7028,A320
EU7029,A319
EU7030,A319
EU7031,A319
EU7032,A319
EU7033,A319
EU7035,A320
EU7036,A320
EU7046,A330
EU7050,A320
EU7051,A320
EU7052,A320
EU7053,A320
EU7054,A320
EU7055,A320
EU7056,A320
EU7057,A320
EU7058,A320
EU7059,A320
EU7082,A320
EU7110,A330
EU7119,A300
EU7156,B767
EU7218,B737
EU7285,A320
EU7293,A321
EU7314,A321
EU7367,B767
EU7382,A321
EU7398,B767
EU7412,A321
EU7413,B767
EU7427,A321
EU7521,A320
EU7536,A321
EU7548,B737
EU7610,B737
EU7621,B767
EU7629,B737
EU7634,A320
EU7635,A300
EU7643,B737
EU7654,B737
EU7687,A330
EU7713,A330
EU7724,B737
EU7746,A330
EU7789,A330
EU7864,B747
EU7865,A320
EU7866,B737
EU7888,B737
EU7894,A300
EU7910,B737
EU8000,A318
EU8001,A318
EU8002,A320
EU8100,B777
EU8101,B777
EU8102,B777
EU8103,B777
EU8104,B777
EU8105,B777
EU8106,B777
EU8107,B777
EU8108,B777
EU8109,B777
EU8110,B777
EU8111,B777
EU8112,B777
EU8113,B777
EU8114,B777
EU8115,B777
EU8117,B777
EU8118,B777
EU8119,B777
EU8120,B777
EU8121,B777
EU8122,B777
EU8123,B777
EU8124,B777
EU8125,B777
EU8126,B777
EU8127,B777
EU8128,B777
EU8129,B777
EU8130,B777
EU8131,B777
EU8132,B777
EU8133,B777
EU8134,B777
EU8135,B777
EU8136,B777
EU8137,B777
EU8138,B777
EU8139,B777
EU8140,B777
EU8141,B777
EU8142,B777
EU8143,B777
EU8144,B777
EU8145,B777
EU8146,B777
EU8147,B777
EU8148,B777
EU8149,B777
EU8150,B777
EU8151,B777
EU8152,B777
EU8153,B777
EU8154,B777
EU8155,B777
EU8156,B777
EU8157,B777
EU8158,B777
EU8159,B777
EU8160,B777
EU8264,A320
EU8342,B767
EU8431,A320
EU8478,A320
EU8520,B737
EU8521,A321
EU8522,A321
EU8523,A321
EU8524,A321
EU8525,A321
EU8526,A321
EU8527,A320
EU8528,A320
EU8529,A320
EU8530,A320
EU8531,A320
EU8532,A320
EU8533,A320
EU8534,A320
EU8535,A320
EU8536,A320
EU8537,A320
EU8538,A320
EU8539,A320
EU8540,A320
EU8541,A320
EU8542,A320
EU8543,A319
EU8544,A319
EU8545,A319
EU8546,A319
EU8547,A319
EU8548,A319
EU8549,A319
EU8550,A320
EU8551,A320
EU8552,A320
EU8553,A320
EU8554,A320
EU8555,A320
EU8556,A320
EU8598,A320
EU8605,A320
EU8632,A320
EU8733,A319
EU8736,A320
EU8742,A319
EU8787,A321
EU8789,A320
EU8891,A320
EU8943,A320
EU8956,B767
EU8969,B737
EU9012,B767
EU9013,A321
EU9023,A320
EU9145,B737
EU9158,B737
EU9234,B737
EU9245,B737
EU9356,A320
EU9378,A320
EU9426,B737
EU9544,B737
EU9589,A320
EU9622,B737
EU9678,A320
EU9680,B737
EU9692,A320
EU9723,A321
EU9729,B737
EU9734,A320
EU9743,B737
EU9834,B767
EU9853,B737
EU9883,A321
EU9962,B737
EU9967,A320
EU9972,A319
01CGITRA,B787
025LEQBA,B787
03PJXUBA,B787
04QZ1SRA,B787
05URYCJA,B787
0C0SBZJA,B787
0CO0I4RA,B787
0DIBA0BA,B787
0DS0KAZA,B787
0FGXR4BA,B787
0JRW4BRA,B787
0KJ0MMRA,B787
0LVTSQBA,B787
0MTHGEZA,B787
0N413JRA,B787
0NRTSKZA,B787
0OEUILJA,B787
0SQSTWRA,B787
0U2IJJBA,B787
0ULLFVRA,B787
0VOJMVJA,B787
0Z2GRYZA,B787
0ZZKG5ZA,B787
11V1DVBA,B787
12KEILJA,B787
134ICNZA,B787
13TKKLZA,B787
14B1EWJA,B787
14JIMEBA,B787
152IERBA,B787
1AQICMZA,B787
1B2J5RZA,B787
1DEIHJBA,B787
1ENJ35RA,B787
1FDI0NZA,B787
1FXE5DZA,B787
1H5ZJBRA,B787
1JI1NGBA,B787
1NISBMJA,B787
1NJ130BA,B787
1OBWRFJA,B787
1OXRP1ZA,B787
1PKIEPBA,B787
1V1YQCRA,B787
1VAXAEZA,B787
1WBJ1HRA,B787
1XIIF2RA,B787
1YFIJPJA,B787
20BTB3ZA,B787
20IYN2ZA,B787
23SZA1BA,B787
2BZYB0BA,B787
2CGXUXJA,B787
2DGLDIZA,B787
2E1ICWRA,B787
2H2LEQRA,B787
2LILFVJA,B787
2P5Y1CJA,B787
2SJCEXBA,B787
2SN1J0JA,B787
2V21KUBA,B787
2Z3YXTJA,B787
30UL10JA,B787
3B1IB3JA,B787
3FVYF2JA,B787
3IEIVKBA,B787
3LM1CIBA,B787
3M2LJQZA,B787
3N5BFFBA,B787
3NDUTARA,B787
3NLYERRA,B787
3QNX41RA,B787
3RBE4SZA,B787
3RPZJ0ZA,B787
3S20GMRA,B787
3SX11JJA,B787
3TAJV3JA,B787
3TQZROJA,B787
3XPFSLRA,B787
3YKHGEZA,B787
3YQUDQRA,B787
41WI3FRA,B787
424EJ3BA,B787
44C0KKRA,B787
44IXGEJA,B787
4B1SV4JA,B787
4CV1EPRA,B787
4DY0JNZA,B787
4GQIJRBA,B787
4ICIELZA,B787
4LMY3AZA,B787
4MVHHLRA,B787
4VJJ0LBA,B787
4WUI11RA,B787
522E1PBA,B787
52XIEWBA,B787
54DZHIZA,B787
54SH4YJA,B787
5B5F5EBA,B787
5BJDERJA,B787
5HUK1FBA,B787
5IWCO3ZA,B787
5KBE0LRA,B787
5KZHGEJA,B787
5L3GKQRA,B787
5RGKX2BA,B787
5STICMJA,B787
5UYIVDBA,B787
5WP1A5JA,B787
5Y22YEBA,B787
A0RIELZA,B787
A0W01LJA,B787
A2NRWBBA,B787
A3SKLBRA,B787
AANSPNRA,B787
AAZIEPBA,B787
ABZWBCZA,B787
AIZU0JBA,B787
AJSZULJA,B787
AKFIBYZA,B787
AMJYFRZA,B787
ANE1EQBA,B787
ANMKBNBA,B787
AOBZJZBA,B787
AQ5IERBA,B787
AS3UMSZA,B787
ASFYGXZA,B787
ATLYHQJA,B787
B1J0DSZA,B787
BA0JNKBA,B787
BK1KQMJA,B787
BKJ2UKZA,B787
BKMLDNBA,B787
BL0DTWZA,B787
BN4FHVZA,B787
BN4YQQRA,B787
BOQYGMZA,B787
BOZEILJA,B787
BPZEDQRA,B787
BRDFR4JA,B787
BREZHUJA,B787
BRNUU1BA,B787
BRXFI2BA,B787
BSCFGHBA,B787
BUN11VBA,B787
BYDKJNZA,B787
BZ0XGEJA,B787
BZLSFFJA,B787
C03XONRA,B787
C2WKHYRA,B787
C3QDEEBA,B787
C5AKHWBA,B787
CA0UDQBA,B787
CEILHOJA,B787
CH4BOZZA,B787
CHF1COBA,B787
CJSYELJA,B787
CKEEBURA,B787
CKFZ45BA,B787
CMJMNEZA,B787
CMTYQYZA,B787
COMCBZBA,B787
COYIDHJA,B787
CQ4YCNJA,B787
CSGZRKBA,B787
CUN0HKRA,B787
CUZQPNJA,B787
CVR0QUZA,B787
CWWWAIBA,B787
D4T1QCBA,B787
D4WXUJBA,B787
D5WZI1RA,B787
DBGIEXRA,B787
DCP1VABA,B787
DEBXGERA,B787
DEMDELZA,B787
DEPY3YRA,B787
DFD04KJA,B787
DG1JAZJA,B787
DKR0OPBA,B787
DMHLNOJA,B787
DQZZ0QBA,B787
DS2DYGZA,B787
DSFV40BA,B787
DX3SVTJA,B787
DXP1ABZA,B787
E0TY5LZA,B787
E3FL3ERA,B787
E3JGN1JA,B787
E4OIFRJA,B787
EDUQPWBA,B787
EE20NAZA,B787
EGOZLAJA,B787
EGUJ4NZA,B787
EIU10YBA,B787
EJQKQFBA,B787
ENLXGEJA,B787
EPSEILRA,B787
ES0YENZA,B787
ESXCSSBA,B787
EU5TYFRA,B787
F30UILRA,B787
F5VLEWRA,B787
FAKJG2RA,B787
FG5IQ1RA,B787
FINKJVZA,B787
FKTTWDJA,B787
FM22KQRA,B787
FNQX4QZA,B787
FRAIFERA,B787
FTRH1JZA,B787
FXBLCDJA,B787
FZ0IJWJA,B787
FZPLDOZA,B787
G0Q0Q5ZA,B787
G3FKNZJA,B787
G5BICKRA,B787
GB0JDVRA,B787
GCAYJZZA,B787
GD4E4BJA,B787
GEDSESRA,B787
GG4IRSJA,B787
GNLSYCJA,B787
GOKY1LZA,B787
GOPE5MZA,B787
GPPID3BA,B787
GQBUILBA,B787
GQW1EWBA,B787
GRBUC5ZA,B787
GRZL1TRA,B787
GS3XVAJA,B787
GXYV5NJA,B787
GY0KM3BA,B787
GY4IDLZA,B787
GYOTA4ZA,B787
GYSYHQBA,B787
GYY1ENZA,B787
H1LIFAZA,B787
HCNJRBJA,B787
HIDZNGRA,B787
HKMZCQBA,B787
HLXIB4ZA,B787
HMC1CDRA,B787
HOKDESZA,B787
HP0ZMDRA,B787
HQDIHFBA,B787
HQMLFRJA,B787
HTVIEXBA,B787
HWSRYFJA,B787
HXVCTJZA,B787
HY0LFERA,B787
I0X2MLBA,B787
I4DYK4RA,B787
IEIUIEJA,B787
IEYF5URA,B787
IF4YEJJA,B787
IIJBYGJA,B787
IJZZGXBA,B787
IMDY5LJA,B787
IPL1CMBA,B787
IRAIICJA,B787
IWE0GWZA,B787
IXCYFGJA,B787
IYFLFXRA,B787
IZ2YFTZA,B787
J0110GBA,B787
J0GYCVBA,B787
J1OJGWBA,B787
J2BL3LBA,B787
J3CTTLBA,B787
J3LI5KBA,B787
J4RYCOJA,B787
J54Y2HZA,B787
JD51FSZA,B787
JKSICQJA,B787
JR2XLNJA,B787
JTYUC5BA,B787
JUEBTRRA,B787
JVO10OZA,B787
JXFEIFRA,B787
K0GMVHJA,B787
KAHW3XJA,B787
KC1Y23RA,B787
KCWEIERA,B787
KDWEQ5BA,B787
KDZZ4BZA,B787
KGI1EQZA,B787
KHITY2RA,B787
KHSJNZZA,B787
KJ3AOZZA,B787
KJTLQGJA,B787
KL5YFTJA,B787
KMRYFGRA,B787
KOGI31ZA,B787
KQPMUSZA,B787
KRVY0FRA,B787
KYUGLLJA,B787
L2XDXKBA,B787
LANYB5BA,B787
LAW1JBRA,B787
LBCLHTJA,B787
LE5CTRJA,B787
LEBYW1BA,B787
LFDDFTZA,B787
LGHEIERA,B787
LIAYNGJA,B787
LIFMAAZA,B787
LJKI0QRA,B787
LLCY2EBA,B787
LLEZRNRA,B787
LLIK4QBA,B787
LNWICORA,B787
LRUXGGRA,B787
LZZDFGZA,B787
M0KRYGRA,B787
M1ZYEQJA,B787
M2FYEJRA,B787
M5LL1SRA,B787
MD5EAARA,B787
MDJTXKRA,B787
MF5KIYJA,B787
MFMUG3ZA,B787
MFYTPUBA,B787
MGO2R5JA,B787
MLJJV5RA,B787
MNERZMRQ,B787
MNERZMSA,B787
MNERZMSQ,B787
MNERZMTA,B787
MNERZMTQ,B787
MNERZMUA,B787
MNERZMUQ,B787
MNERZMVA,B787
MNERZMVQ,B787
MPLDPNBA,B787
MQWTPURA,B787
MTLYNMBA,B787
MTVHLKRA,B787
MTXYFVZA,B787
MZNFR1RA,B787
MZNUC3ZA,B787
N0CLFSJA,B787
N50KMEBA,B787
N51WKOBA,B787
NCHHGGJA,B787
NF3K0KJA,B787
NHBCSNZA,B787
NKEICOJA,B787
NMJK5GBA,B787
NMUYU4JA,B787
NNK00YJA,B787
NP0CVYZA,B787
NQAMGYZA,B787
NQPCSPBA,B787
NSOLHLJA,B787
NTNICIRA,B787
NTQKG1BA,B787
NVTCZCJA,B787
NWWLFLRA,B787
O1L0VZBA,B787
O3DJ3YZA,B787
O4WIFGBA,B787
O5AKMYJA,B787
OAEAYFZA,B787
OAJ0DRJA,B787
OBT0QPJA,B787
OE4IEQRA,B787
OFFXGGRA,B787
OG405OJA,B787
OHR03IRA,B787
OJRK5OJA,B787
ORB1DKBA,B787
OTFKBNJA,B787
OVWCQHBQ,B787
OVWCQHEA,B787
OVWCQHFA,B787
OW5Z04BA,B787
OZCZ0NBA,B787
OZJIGDZA,B787
OZOW5DJA,B787
OZURTLRA,B787
OZV1FVZA,B787
P0RTP1JA,B787
P2ARTLJA,B787
P2YYMEJA,B787
P31FRYJA,B787
P3NJG5JA,B787
PB1JR3JA,B787
PB21SLZA,B787
PC3YKXRA,B787
PEKVN4ZA,B787
PFNLFLBA,B787
PGAYEWZA,B787
PH0WUWZA,B787
PHX132RA,B787
PIKRV4RA,B787
PIOYCIBA,B787
PJQZI4BA,B787
PNZL4OZA,B787
PPJJLPJA,B787
PPSAPQJA,B787
PQ5TZCZA,B787
PR1TTVZA,B787
PRDLDNJA,B787
PTJ2MVRA,B787
PTLHBOZA,B787
PUBVNBZA,B787
PUFINURA,B787
PV4U1WZA,B787
PVGYMDZA,B787
PVUUIEBA,B787
PWGYF2ZA,B787
Q1HDFYIQ,B787
Q1HDFYJQ,B787
Q1ICSJBA,B787
Q54YFRBA,B787
QBHKMBBA,B787
QHFDERBA,B787
QN3FJZBA,B787
QNVIIBRA,B787
QPAUGSRA,B787
QQKJPLJA,B787
QROW0NBA,B787
QT4AOIRA,B787
QWFYQDZA,B787
QWTUIJZA,B787
QYEK32ZA,B787
R0XIOKZA,B787
R1ZJH2ZA,B787
R2WH44JA,B787
R2YY1YRA,B787
R3ZDESJA,B787
RAHINPRA,B787
RAZZMCRA,B787
RCKUIJZA,B787
RD3EGZBA,B787
RGFKCYBA,B787
RJRAYBRA,B787
RLRDO5RA,B787
RLYKQ4RA,B787
RM1RSWJA,B787
RSLICNRA,B787
RT4JHOZA,B787
RYCCO1BA,B787
RYQYFLZA,B787
RYZVAMJA,B787
S0JIESBA,B787
S2AJLJZA,B787
S3I1CMRA,B787
S5TJ0KRA,B787
SBFTZDBA,B787
SDP2UEBA,B787
SJKRTPRA,B787
SMUIN5JA,B787
SOWYRQBA,B787
SP0DTRBA,B787
SRAHMGBA,B787
SSHIFXRA,B787
STFJR0ZA,B787
SX5LOQBA,B787
T2GKVZZA,B787
T3HYBZBA,B787
T3KLDKZA,B787
T5CUIEZA,B787
T5KIJMBA,B787
T5XBO5JA,B787
TDQRYARA,B787
TKMDY4RA,B787
TKNCSWZA,B787
TKTYFLJA,B787
TOZIGSRA,B787
TR21FRBA,B787
TR3BSNJA,B787
TUKJ51ZA,B787
TW1YFARA,B787
U2VTZDBA,B787
U4DI1SZA,B787
U4GMVGBA,B787
U5P0HUJA,B787
UAEIFXJA,B787
UCN1EUZA,B787
UDGEC5JA,B787
UEG11EZA,B787
UEYEQGJA,B787
UFZ1I5ZA,B787
UK11ENJA,B787
UKUGD2RA,B787
ULEEAHRA,B787
UMLWKIRA,B787
UMV0J5RA,B787
UTQICNBA,B787
UXH1MHZA,B787
V2UDEXRA,B787
VAYCOOBA,B787
VDIBEWZA,B787
VE500QRA,B787
VE5EIJZA,B787
VEBG3RZA,B787
VEYYFAJA,B787
VGAW40RA,B787
VGUVHDZA,B787
VHA0GJJA,B787
VIWYEVZA,B787
VJBLFEBA,B787
VM01RHBA,B787
VMUIZ4BA,B787
VNWI3GJA,B787
VOEYBZRA,B787
VPILMSZA,B787
VQHJNZJA,B787
VQNZRURA,B787
VSCYZ5RA,B787
VTQDWMBA,B787
VXW0GRJA,B787
W0VDZBJA,B787
W11YHNJA,B787
WAY0ONRA,B787
WDE1QKRA,B787
WDJSMTVA,B787
WEF012ZA,B787
WHZBFCRA,B787
WITICOZA,B787
WIUBPKJA,B787
WN5UC5RA,B787
WPASEEZA,B787
WPII34BA,B787
WSDQOORA,B787
WV3EMVRA,B787
WYLXHMRA,B787
WYUJ0UZA,B787
WYVV44ZA,B787
WZVZGPBA,B787
X02MKNJA,B787
X0MCSWRA,B787
X2X02LZA,B787
X3RYN1JA,B787
XBLEC5RA,B787
XCCV0XBA,B787
XCGI5AJA,B787
XEAFKMZA,B787
XIFGRBBA,B787
XIYX0QZA,B787
XJ1UIEZA,B787
XK1I0QZA,B787
XKDBO5ZA,B787
XLOJMLZA,B787
XMCYCOZA,B787
XNJCPKZA,B787
XV0IB4BA,B787
XXEJQCBA,B787
XY0U3TBA,B787
XYJYJ5JA,B787
Y2AZDSJA,B787
Y3ITZHJA,B787
Y3TIEKZA,B787
Y4OK1BZA,B787
Y5FYCOBA,B787
Y5LFKQBA,B787
YAT13TBA,B787
YGSU0YBA,B787
YHHJNAJA,B787
YHMF0IBA,B787
YHQFLKJA,B787
YMGTTVRA,B787
YP3APQBA,B787
YS5K0UZA,B787
YTSKW5JA,B787
YTSSPWBA,B787
YX5EILZA,B787
YXQHGGBA,B787
ZBCSO5RA,B787
ZCOURBBA,B787
ZDXXGGBA,B787
ZHWIG1RA,B787
ZIFZUHRA,B787
ZMXCFCBA,B787
ZTEIN5RA,B787
_N27965,B787
