id:int,group_id:int,bufrtype:int,subtype:int,obstype:int,codetype:int,sensor_id:int,sat_instr:int,sat_id:int,accumulation_length:int
16001,17,0,3,1,14,-1,-1,-1,-1
16002,17,0,1,1,11,-1,-1,-1,-1
16003,17,0,9,1,11,-1,-1,-1,-1
16004,17,0,140,1,140,-1,-1,-1,-1
16005,17,1,21,4,165,-1,-1,-1,-1
16006,17,1,13,1,24,-1,-1,-1,-1
16007,17,1,19,1,23,-1,-1,-1,-1
16008,17,1,11,1,21,-1,-1,-1,-1
16009,17,1,9,1,21,-1,-1,-1,-1
16010,17,1,22,4,63,-1,-1,-1,-1
16011,17,1,23,4,64,-1,-1,-1,-1
16012,17,1,110,1,110,-1,-1,-1,-1
16013,17,2,91,6,32,-1,-1,-1,-1
16014,17,2,92,6,33,-1,-1,-1,-1
16015,17,2,95,6,34,-1,-1,-1,-1
16016,17,2,96,6,34,-1,-1,-1,-1
16017,17,2,96,6,134,-1,-1,-1,-1
16018,17,2,96,6,131,-1,-1,-1,-1
16019,17,2,102,5,36,-1,-1,-1,-1
16020,17,2,103,5,135,-1,-1,-1,-1
16021,17,2,106,5,37,-1,-1,-1,-1
16022,17,2,101,5,35,-1,-1,-1,-1
16023,17,2,104,5,39,-1,-1,-1,-1
16024,17,2,105,5,40,-1,-1,-1,-1
16026,17,4,142,2,141,-1,-1,-1,-1
16027,17,4,141,2,41,-1,-1,-1,-1
16028,17,4,143,2,241,-1,-1,-1,-1
16029,17,4,144,2,144,-1,-1,-1,-1
16030,17,4,145,2,145,-1,-1,-1,-1
16031,17,253,164,8,180,-1,-1,-1,-1
16032,17,3,161,8,180,-1,-1,-1,-1
16037,17,3,61,7,86,-1,-1,-1,-1
16038,17,3,62,7,86,-1,-1,-1,-1
16039,17,3,63,7,86,-1,-1,-1,-1
16040,17,3,65,7,86,-1,-1,-1,-1
16041,17,3,71,7,186,-1,-1,-1,-1
16042,17,3,72,7,186,-1,-1,-1,-1
16043,17,3,73,7,186,-1,-1,-1,-1
16044,17,3,75,7,186,-1,-1,-1,-1
16084,17,1,182,4,189,-1,-1,-1,-1
16083,17,1,181,4,188,-1,-1,-1,-1
16082,17,4,146,2,146,-1,-1,-1,-1
16074,17,1,180,1,182,-1,-1,-1,-1
16069,17,2,113,6,113,-1,-1,-1,-1
16068,17,2,112,6,112,-1,-1,-1,-1
16065,17,0,147,1,140,-1,-1,-1,-1
16045,17,2,109,5,109,-1,-1,-1,-1
16046,17,2,111,5,111,-1,-1,-1,-1
16066,17,4,148,2,148,-1,-1,-1,-1
25001,26,6,125,14,3,-1,-1,-1,-1
16067,17,4,149,2,149,-1,-1,-1,-1
16025,17,0,28,1,17,-1,-1,-1,-1
16076,17,0,170,1,170,-1,-1,-1,-1
16076,17,0,172,1,170,-1,-1,-1,-1
16076,17,0,176,1,170,-1,-1,-1,-1
16076,17,0,178,1,178,-1,-1,-1,-1
16086,17,2,230,5,230,-1,-1,-1,-1
16087,17,2,231,5,231,-1,-1,-1,-1
16088,17,4,150,2,147,-1,-1,-1,-1
16089,17,4,151,2,151,-1,-1,-1,-1
16090,17,0,179,1,179,-1,-1,-1,-1
9001,10,12,8,9,8,150,150,1,-1
9002,10,12,122,9,122,150,150,1,-1
5001,6,3,206,7,206,170,170,2,-1
9003,10,12,122,9,122,150,150,2,-1
35002,36,3,209,7,206,170,170,2,-1
5025,6,3,205,7,206,170,170,2,-1
5050,6,3,208,7,206,170,170,2,-1
9007,10,12,139,9,139,190,190,3,-1
25,1,3,55,7,210,0,607,3,-1
1009,2,3,55,7,210,3,570,3,-1
3004,4,3,55,7,210,15,203,3,-1
7013,8,3,250,10,250,202,202,3,-1
11002,12,3,240,7,210,16,221,3,-1
21009,22,3,55,16,215,3,570,3,-1
5057,6,3,206,7,206,220,220,3,-1
35011,36,3,229,7,206,221,221,3,-1
44004,45,3,55,16,215,15,203,3,-1
5061,6,3,208,7,206,220,220,3,-1
35012,36,3,209,7,206,220,220,3,-1
35013,36,3,229,7,206,220,220,3,-1
5062,6,3,205,7,206,220,220,3,-1
5072,6,3,207,7,206,220,220,3,-1
35017,36,3,228,7,206,221,221,3,-1
5087,6,3,208,7,206,221,221,3,-1
15,1,3,55,7,210,0,607,4,-1
1007,2,3,55,7,210,3,570,4,-1
3002,4,3,55,7,210,15,203,4,-1
5013,6,3,206,7,206,220,220,4,-1
7001,8,3,250,10,250,202,202,4,-1
9005,10,12,139,9,139,190,190,4,-1
11001,12,3,240,7,210,16,221,4,-1
21007,22,3,55,16,215,3,570,4,-1
5024,6,3,208,7,206,221,221,4,-1
35004,36,3,209,7,206,220,220,4,-1
35005,36,3,228,7,206,221,221,4,-1
35007,36,3,229,7,206,221,221,4,-1
5037,6,3,205,7,206,220,220,4,-1
5047,6,3,208,7,206,220,220,4,-1
35010,36,3,229,7,206,220,220,4,-1
44002,45,3,55,16,215,15,203,4,-1
5071,6,3,207,7,206,220,220,4,-1
9011,10,12,139,9,139,190,190,5,-1
5085,6,3,206,7,206,220,220,5,-1
5086,6,3,207,7,206,220,220,5,-1
5088,6,3,208,7,206,220,220,5,-1
35021,36,3,228,7,206,221,221,5,-1
35020,36,3,229,7,206,220,220,5,-1
5089,6,3,208,7,206,221,221,5,-1
35019,36,3,209,7,206,220,220,5,-1
35018,36,3,229,7,206,221,221,5,-1
11003,12,3,240,7,210,16,221,5,-1
1010,2,3,55,7,210,3,570,5,-1
21010,22,3,55,16,215,3,570,5,-1
3005,4,3,55,7,210,15,203,5,-1
7019,8,3,250,10,250,202,202,5,-1
44005,45,3,55,16,215,15,203,5,-1
7002,8,3,250,10,250,102,102,41,-1
7010,8,3,250,10,250,103,103,42,-1
7015,8,3,250,10,250,103,103,43,-1
7023,8,3,250,10,250,103,103,44,-1
18001,19,30,203,7,400,18,176,46,-1
45001,46,2,251,15,187,-1,130,48,-1
4020,5,5,89,7,210,20,205,51,-1
4017,5,5,89,7,210,20,205,52,-1
4021,5,5,89,7,210,20,205,53,-1
4007,5,5,89,7,210,20,205,54,-1
4008,5,5,189,7,210,21,207,55,-1
5002,6,3,206,7,206,207,207,55,-1
5026,6,3,205,7,206,207,207,55,-1
4018,5,5,190,7,210,21,207,55,-1
4009,5,5,189,7,210,21,207,56,-1
5003,6,3,206,7,206,207,207,56,-1
4013,5,5,190,7,210,21,207,56,-1
5027,6,3,205,7,206,207,207,56,-1
5063,6,3,223,7,206,207,207,56,-1
4016,5,5,190,7,210,21,207,57,-1
5058,6,3,206,7,206,207,207,57,-1
5064,6,3,223,7,206,207,207,57,-1
5014,6,3,206,7,206,175,175,60,-1
5015,6,3,206,7,206,172,172,60,-1
5016,6,3,206,7,206,161,161,60,-1
6001,7,3,212,7,214,174,174,60,-1
35003,36,3,209,7,206,175,175,60,-1
35006,36,3,228,7,206,175,175,60,-1
5038,6,3,205,7,206,175,175,60,-1
5039,6,3,205,7,206,172,172,60,-1
5040,6,3,205,7,206,161,161,60,-1
5045,6,3,215,7,206,175,175,60,-1
5046,6,3,208,7,206,175,175,60,-1
5049,6,3,208,7,206,90,90,60,-1
5067,6,3,207,7,206,10,10,60,-1
4023,5,5,190,7,210,21,207,70,-1
5080,6,3,223,7,206,207,207,70,-1
5069,6,3,206,7,206,431,431,120,-1
41001,42,3,60,16,215,63,478,122,-1
5021,6,3,215,7,206,516,516,140,-1
35009,36,3,228,7,206,516,516,140,-1
4010,5,5,189,7,210,24,294,171,-1
4012,5,5,189,7,210,24,294,172,-1
4022,5,5,189,7,210,56,297,173,-1
4024,5,5,189,7,210,56,297,174,-1
4,1,3,55,7,210,0,605,200,-1
30004,31,3,55,7,210,1,623,200,-1
31004,32,3,55,7,210,2,627,200,-1
16,1,3,54,7,210,0,605,200,-1
30010,31,3,54,7,210,1,623,200,-1
31009,32,3,54,7,210,2,627,200,-1
5,1,3,55,7,210,0,605,201,-1
5006,6,3,206,7,206,624,624,201,-1
30005,31,3,55,7,210,1,623,201,-1
31005,32,3,55,7,210,2,627,201,-1
17,1,3,54,7,210,0,605,201,-1
31010,32,3,54,7,210,2,627,201,-1
5030,6,3,205,7,206,624,624,201,-1
30017,31,3,54,7,210,1,623,201,-1
6,1,3,55,7,210,0,605,202,-1
30006,31,3,55,7,210,1,623,202,-1
18,1,3,54,7,210,0,605,202,-1
30011,31,3,54,7,210,1,623,202,-1
7,1,3,55,7,210,0,605,203,-1
5007,6,3,206,7,206,624,624,203,-1
30007,31,3,55,7,210,1,623,203,-1
31006,32,3,55,7,210,2,627,203,-1
19,1,3,54,7,210,0,605,203,-1
30012,31,3,54,7,210,1,623,203,-1
31011,32,3,54,7,210,2,627,203,-1
5031,6,3,205,7,206,624,624,203,-1
8,1,3,55,7,210,0,605,204,-1
23,1,3,54,7,210,0,605,204,-1
30008,31,3,55,7,210,1,623,204,-1
31007,32,3,55,7,210,2,627,204,-1
30018,31,3,54,7,210,1,623,204,-1
31016,32,3,54,7,210,2,627,204,-1
9,1,3,55,7,210,0,605,205,-1
5008,6,3,206,7,206,624,624,205,-1
24,1,3,54,7,210,0,605,205,-1
30009,31,3,55,7,210,1,623,205,-1
31008,32,3,55,7,210,2,627,205,-1
5032,6,3,205,7,206,624,624,205,-1
31015,32,3,54,7,210,2,627,205,-1
30016,31,3,54,7,210,1,623,205,-1
10,1,3,55,7,210,0,606,206,-1
1001,2,3,55,7,210,3,570,206,-1
2001,3,3,55,7,210,4,574,206,-1
21001,22,3,55,16,215,3,570,206,-1
43001,44,3,55,16,215,4,574,206,-1
11,1,3,55,7,210,0,606,207,-1
1002,2,3,55,7,210,3,570,207,-1
2002,3,3,55,7,210,4,574,207,-1
5009,6,3,206,7,206,624,624,207,-1
21002,22,3,55,16,215,3,570,207,-1
5033,6,3,205,7,206,624,624,207,-1
43002,44,3,55,16,215,4,574,207,-1
12,1,3,55,7,210,0,606,208,-1
1003,2,3,55,7,210,3,570,208,-1
2003,3,3,55,7,210,4,574,208,-1
5010,6,3,206,7,206,624,624,208,-1
21003,22,3,55,16,215,3,570,208,-1
5034,6,3,205,7,206,624,624,208,-1
43003,44,3,55,16,215,4,574,208,-1
13,1,3,55,7,210,0,607,209,-1
1004,2,3,55,7,210,3,570,209,-1
2004,3,3,55,7,210,4,574,209,-1
5011,6,3,206,7,206,624,624,209,-1
21004,22,3,55,16,215,3,570,209,-1
3003,4,3,55,7,210,15,203,209,-1
5035,6,3,205,7,206,624,624,209,-1
43004,44,3,55,16,215,4,574,209,-1
44003,45,3,55,16,215,15,203,209,-1
14,1,3,55,7,210,0,607,223,-1
1005,2,3,55,7,210,3,570,223,-1
3001,4,3,55,7,210,15,203,223,-1
5012,6,3,206,7,206,624,624,223,-1
21005,22,3,55,16,215,3,570,223,-1
5036,6,3,205,7,206,624,624,223,-1
44001,45,3,55,16,215,15,203,223,-1
34001,35,21,201,7,210,19,621,224,-1
36001,37,21,202,7,210,27,620,224,-1
5065,6,3,219,7,206,616,375,224,-1
5068,6,3,206,7,206,947,947,224,-1
49001,50,21,201,16,215,19,621,224,-1
5091,6,3,207,7,206,616,616,224,-1
5092,6,3,206,7,206,947,947,224,-1
10001,11,12,127,16,215,6,905,240,-1
10002,11,12,127,16,215,6,905,241,-1
20001,21,3,55,7,210,6,905,241,-1
56001,57,12,127,7,215,6,905,241,-1
10009,11,12,128,16,215,6,905,241,-1
10003,11,12,127,16,215,6,905,242,-1
20002,21,3,55,7,210,6,905,242,-1
10004,11,12,127,16,215,6,905,243,-1
20003,21,3,55,7,210,6,905,243,-1
56002,57,12,127,7,215,6,905,243,-1
10010,11,12,128,16,215,6,905,243,-1
10005,11,12,127,16,215,6,905,244,-1
20004,21,3,55,7,210,6,905,244,-1
56003,57,12,127,7,215,6,905,244,-1
58001,59,3,55,7,210,33,907,244,-1
10011,11,12,128,16,215,6,905,244,-1
58002,59,3,55,7,210,33,907,245,-1
10006,11,12,127,16,215,6,905,246,-1
20005,21,3,55,7,210,6,905,246,-1
56004,57,12,127,7,215,6,905,246,-1
10012,11,12,128,16,215,6,905,246,-1
10007,11,12,127,16,215,6,905,247,-1
20006,21,3,55,7,210,6,905,247,-1
56005,57,12,127,7,215,6,905,247,-1
58003,59,3,55,7,210,33,907,247,-1
10013,11,12,128,16,215,6,905,247,-1
10008,11,12,127,16,215,6,905,248,-1
20007,21,3,55,7,210,6,905,248,-1
56006,57,12,127,7,215,6,905,248,-1
58004,59,3,55,7,210,33,907,248,-1
10014,11,12,128,16,215,6,905,248,-1
13001,14,3,49,16,215,10,908,249,-1
24001,25,3,49,7,210,10,908,249,-1
4002,5,5,89,7,210,22,615,252,-1
4003,5,5,89,7,210,22,615,253,-1
4004,5,5,89,7,210,22,615,254,-1
4005,5,5,89,7,210,22,615,255,-1
4006,5,5,89,7,210,22,615,256,-1
4011,5,5,89,7,210,22,615,257,-1
4014,5,5,89,7,210,22,615,258,-1
4015,5,5,89,7,210,22,615,259,-1
9004,10,12,137,9,301,313,313,281,-1
14001,15,3,129,16,215,9,365,282,-1
23001,24,3,129,7,210,9,365,282,-1
19001,20,3,156,16,215,30,953,283,-1
13002,14,3,49,16,215,10,908,285,-1
24002,25,3,49,7,210,10,908,285,-1
13003,14,3,49,16,215,10,908,286,-1
24003,25,3,49,7,210,10,908,286,-1
5017,6,3,206,7,206,431,431,321,-1
5041,6,3,205,7,206,431,431,321,-1
9006,10,12,135,9,302,288,288,421,-1
42001,43,3,211,16,215,34,941,440,-1
7017,8,3,250,10,250,287,287,440,-1
26001,27,3,154,7,210,41,936,520,-1
27001,28,3,154,7,210,40,934,520,-1
28001,29,3,153,16,215,43,938,520,-1
29001,30,3,154,7,210,42,933,520,-1
29002,30,3,154,7,210,42,933,521,-1
28002,29,3,153,16,215,43,938,521,-1
27002,28,3,154,7,210,40,934,521,-1
26002,27,3,154,7,210,41,936,521,-1
32001,33,3,54,7,210,7,990,702,-1
33001,34,3,54,7,210,8,991,702,-1
32002,33,3,54,7,210,7,990,703,-1
33002,34,3,54,7,210,8,991,703,-1
32003,33,3,54,7,210,7,990,704,-1
33003,34,3,54,7,210,8,991,704,-1
32004,33,3,54,7,210,7,990,705,-1
33004,34,3,54,7,210,8,991,705,-1
2,1,3,55,7,210,0,605,706,-1
30002,31,3,55,7,210,1,623,706,-1
31002,32,3,55,7,210,2,627,706,-1
20,1,3,54,7,210,0,605,706,-1
30013,31,3,54,7,210,1,623,706,-1
31012,32,3,54,7,210,2,627,706,-1
3,1,3,55,7,210,0,605,707,-1
30003,31,3,55,7,210,1,623,707,-1
31003,32,3,55,7,210,2,627,707,-1
21,1,3,54,7,210,0,605,707,-1
30014,31,3,54,7,210,1,623,707,-1
31013,32,3,54,7,210,2,627,707,-1
1,1,3,55,7,210,0,605,708,-1
30001,31,3,55,7,210,1,623,708,-1
31001,32,3,55,7,210,2,627,708,-1
22,1,3,54,7,210,0,605,708,-1
30015,31,3,54,7,210,1,623,708,-1
31014,32,3,54,7,210,2,627,708,-1
7003,8,3,250,10,250,102,102,722,-1
7014,8,3,250,10,250,102,102,723,-1
7004,8,3,250,10,250,102,102,740,-1
7005,8,3,250,10,250,102,102,741,-1
7006,8,3,250,10,250,102,102,742,-1
7007,8,3,250,10,250,102,102,743,-1
7008,8,3,250,10,250,102,102,744,-1
7009,8,3,250,10,250,102,102,745,-1
46001,47,3,54,7,210,69,404,763,-1
46002,47,3,54,7,210,69,404,764,-1
5070,6,3,206,7,206,624,334,764,-1
5018,6,3,206,7,206,624,624,767,-1
5022,6,3,206,7,206,431,431,767,-1
5042,6,3,205,7,206,624,624,767,-1
5043,6,3,205,7,206,431,431,767,-1
5023,6,3,206,7,206,431,431,782,-1
5044,6,3,205,7,206,431,431,782,-1
5020,6,3,207,7,206,389,389,783,-1
35001,36,3,229,7,206,90,90,783,-1
1008,2,3,55,7,210,3,570,784,-1
22001,23,3,59,7,210,17,479,784,-1
12001,13,3,57,7,210,11,420,784,-1
15001,16,3,59,16,215,17,479,784,-1
21008,22,3,55,16,215,3,570,784,-1
5019,6,3,207,7,206,389,389,784,-1
5004,6,3,206,7,206,387,387,785,-1
5005,6,3,206,7,206,394,394,785,-1
35008,36,3,209,7,206,394,394,785,-1
5028,6,3,205,7,206,387,387,785,-1
5029,6,3,205,7,206,394,394,785,-1
5048,6,3,208,7,206,394,394,785,-1
7011,8,3,250,10,250,102,102,786,-1
5066,6,3,221,7,206,303,303,787,-1
61001,62,3,226,19,197,309,309,788,-1
4019,5,5,89,7,210,45,2047,810,-1
7012,8,3,250,10,250,102,102,820,-1
7018,8,3,250,10,250,103,103,825,-1
50001,51,3,224,16,215,71,519,288,-1
55001,56,3,154,7,210,72,954,522,-1
28003,29,3,153,16,215,43,938,522,-1
57001,58,3,154,16,215,73,953,522,-1
29003,30,3,154,7,210,42,933,522,-1
7016,8,3,250,10,250,958,958,522,-1
9008,10,12,138,9,302,314,314,801,-1
9009,10,12,138,9,302,686,686,502,-1
59001,60,30,204,7,401,432,434,789,-1
13004,14,3,49,16,215,10,908,287,-1
24004,25,3,49,7,210,10,908,287,-1
5073,6,3,205,7,206,92,92,812,-1
5076,6,3,206,7,206,92,92,812,-1
5075,6,3,205,7,206,959,959,813,-1
5077,6,3,206,7,206,91,91,813,-1
5078,6,3,206,7,206,959,959,813,-1
5074,6,3,205,7,206,91,91,813,-1
5082,6,3,207,7,206,180,180,61,-1
5079,6,3,206,7,206,152,152,64,-1
35014,36,3,228,7,206,152,152,64,-1
35015,36,3,229,7,206,152,152,64,-1
35016,36,3,209,7,206,152,152,64,-1
5081,6,3,208,7,206,152,152,64,-1
4025,5,5,189,7,210,44,617,270,-1
9010,10,12,138,9,302,288,288,422,-1
34002,35,21,201,7,210,19,621,225,-1
49002,50,21,201,16,215,19,621,225,-1
36002,37,21,202,7,210,27,620,225,-1
5084,6,3,206,7,206,947,947,225,-1
5090,6,3,207,7,206,616,616,225,-1
9012,10,12,138,9,302,288,288,423,-1
9013,10,12,138,9,302,686,686,503,-1
9014,10,12,166,9,303,943,943,802,-1
5083,6,3,207,7,206,180,180,65,-1
7024,8,3,250,10,250,104,104,750,-1
7025,8,3,250,10,250,104,104,751,-1
7026,8,3,250,10,250,104,104,752,-1
7027,8,3,250,10,250,104,104,753,-1
7028,8,3,250,10,250,104,104,754,-1
7029,8,3,250,10,250,104,104,755,-1
55002,56,3,154,7,210,72,954,523,-1
57002,58,3,154,16,215,73,953,523,-1
28004,29,3,153,16,215,43,938,523,-1
7022,8,3,250,10,250,958,958,523,-1
7020,8,3,250,10,250,104,104,803,-1
7021,8,3,250,10,250,104,104,804,-1
4026,5,5,189,7,210,44,617,271,-1
7030,8,3,250,10,250,530,530,269,-1
7031,8,3,250,10,250,104,104,66,-1
9015,10,12,138,9,302,686,686,504,-1
4027,5,5,189,7,210,44,617,272,-1
57003,58,3,154,16,215,73,953,524,-1
34003,35,21,201,7,210,19,621,226,-1
49003,50,21,201,16,215,19,621,226,-1
36003,37,21,202,7,210,27,620,226,-1
5093,6,3,206,7,206,947,947,226,-1
5094,6,3,207,7,206,616,616,226,-1
37004,38,12,123,12,123,-1,-1,1,-1
37005,38,12,123,12,123,-1,-1,2,-1
8030,9,5,87,3,90,-1,-1,3,-1
8027,9,5,87,3,90,-1,-1,4,-1
8059,9,5,87,3,90,-1,-1,5,-1
37006,38,12,217,12,123,-1,-1,47,-1
8002,9,5,87,3,90,-1,-1,50,-1
8003,9,5,87,3,90,-1,-1,51,-1
8004,9,5,87,3,90,-1,-1,52,-1
8005,9,5,87,3,90,-1,-1,53,-1
8006,9,5,87,3,90,-1,-1,54,-1
8007,9,5,87,3,90,-1,-1,55,-1
8008,9,5,87,3,90,-1,-1,56,-1
8031,9,5,87,3,90,-1,-1,57,-1
8034,9,5,82,3,88,-1,-1,58,-1
8001,9,5,87,3,90,-1,-1,59,-1
37001,38,12,213,12,123,-1,-1,60,-1
8056,9,5,87,3,90,-1,-1,70,-1
8043,9,5,82,3,88,-1,-1,150,-1
8032,9,5,87,3,90,-1,-1,150,-1
8033,9,5,87,3,90,-1,-1,151,-1
8009,9,5,87,3,90,-1,-1,152,-1
8010,9,5,87,3,90,-1,-1,171,-1
8026,9,5,87,3,90,-1,-1,172,-1
8053,9,5,87,3,90,-1,-1,173,-1
8058,9,5,87,3,90,-1,-1,174,-1
8036,9,5,87,3,90,-1,-1,201,-1
8037,9,5,87,3,90,-1,-1,202,-1
8038,9,5,87,3,90,-1,-1,203,-1
8039,9,5,87,3,90,-1,-1,204,-1
8040,9,5,87,3,90,-1,-1,205,-1
8015,9,5,87,3,90,-1,-1,206,-1
8016,9,5,87,3,90,-1,-1,207,-1
8017,9,5,87,3,90,-1,-1,208,-1
8018,9,5,87,3,90,-1,-1,209,-1
8019,9,5,87,3,90,-1,-1,223,-1
8050,9,5,87,3,90,-1,-1,224,-1
8051,9,5,82,3,88,-1,-1,250,-1
8052,9,5,83,3,88,-1,-1,250,-1
8042,9,5,87,3,90,-1,-1,252,-1
8011,9,5,87,3,90,-1,-1,253,-1
8012,9,5,87,3,90,-1,-1,254,-1
8013,9,5,87,3,90,-1,-1,255,-1
8014,9,5,87,3,90,-1,-1,256,-1
8025,9,5,87,3,90,-1,-1,257,-1
8028,9,5,87,3,90,-1,-1,258,-1
8029,9,5,87,3,90,-1,-1,259,-1
37002,38,12,214,12,123,-1,-1,260,-1
37003,38,12,216,12,123,-1,-1,261,-1
8046,9,5,87,3,90,-1,-1,410,-1
37007,38,12,218,12,123,-1,-1,441,-1
8049,9,5,87,3,90,-1,-1,471,-1
8022,9,5,87,3,90,-1,-1,513,-1
8023,9,5,87,3,90,-1,-1,514,-1
8024,9,5,87,3,90,-1,-1,515,-1
8035,9,5,87,3,90,-1,-1,707,-1
8020,9,5,87,3,90,-1,-1,783,-1
8021,9,5,87,3,90,-1,-1,784,-1
8045,9,5,87,3,90,-1,-1,810,-1
8048,9,5,87,3,90,-1,-1,852,-1
8047,9,5,87,3,90,-1,-1,854,-1
8044,9,5,87,3,90,-1,-1,153,-1
8041,9,5,82,3,88,-1,-1,154,-1
8054,9,5,87,3,90,-1,-1,517,-1
37008,38,12,216,12,123,-1,-1,262,-1
37009,38,12,220,12,123,-1,-1,61,-1
8062,9,5,87,3,90,-1,-1,61,-1
8057,9,5,87,3,90,-1,-1,270,-1
8060,9,5,87,3,90,-1,-1,225,-1
37010,38,12,220,12,123,-1,-1,65,-1
8063,9,5,87,3,90,-1,-1,65,-1
8061,9,5,87,3,90,-1,-1,271,-1
38001,39,12,232,12,123,-1,-1,62,-1
38002,39,12,232,12,123,-1,-1,63,-1
37012,38,12,233,12,123,-1,-1,66,-1
37013,38,12,233,12,123,-1,-1,67,-1
8064,9,5,87,3,90,-1,-1,856,-1
8065,9,5,87,3,90,-1,-1,272,-1
8066,9,5,87,3,90,-1,-1,226,-1
39001,40,0,126,-1,-1,-1,-1,-1,3600
39002,40,0,126,-1,-1,-1,-1,-1,10800
39003,40,0,126,-1,-1,-1,-1,-1,21600
39004,40,0,126,-1,-1,-1,-1,-1,43200
39005,40,0,126,-1,-1,-1,-1,-1,86400
